-- phpMyAdmin SQL Dump
-- version 4.6.5.2
-- https://www.phpmyadmin.net/
--
-- Host: 127.0.0.1
-- Generation Time: Feb 17, 2021 at 01:59 PM
-- Server version: 10.1.21-MariaDB
-- PHP Version: 5.6.30

SET SQL_MODE = "NO_AUTO_VALUE_ON_ZERO";
SET time_zone = "+00:00";


/*!40101 SET @OLD_CHARACTER_SET_CLIENT=@@CHARACTER_SET_CLIENT */;
/*!40101 SET @OLD_CHARACTER_SET_RESULTS=@@CHARACTER_SET_RESULTS */;
/*!40101 SET @OLD_COLLATION_CONNECTION=@@COLLATION_CONNECTION */;
/*!40101 SET NAMES utf8mb4 */;

--
-- Database: `bingo`
--

-- --------------------------------------------------------

--
-- Table structure for table `game`
--

CREATE TABLE `game` (
  `game_id` int(20) NOT NULL,
  `player_one` int(20) DEFAULT NULL,
  `player_two` int(20) DEFAULT NULL,
  `player_three` int(20) DEFAULT NULL,
  `player_four` int(20) DEFAULT NULL,
  `total_player` int(1) DEFAULT '2',
  `completed` int(1) DEFAULT '0',
  `winner_id` int(1) DEFAULT NULL
) ENGINE=InnoDB DEFAULT CHARSET=utf8;

--
-- Dumping data for table `game`
--

INSERT INTO `game` (`game_id`, `player_one`, `player_two`, `player_three`, `player_four`, `total_player`, `completed`, `winner_id`) VALUES
(1, 1, 2, NULL, NULL, 2, 0, NULL),
(2, 3, 4, NULL, NULL, 2, 0, NULL),
(3, 5, 6, NULL, NULL, 2, 0, NULL),
(4, 7, 8, NULL, NULL, 2, 0, NULL),
(5, 11, 12, NULL, NULL, 2, 0, NULL),
(6, 14, 15, NULL, NULL, 2, 0, NULL),
(7, 16, NULL, NULL, NULL, 2, 0, NULL),
(8, 17, 18, NULL, NULL, 2, 0, NULL),
(9, 19, NULL, NULL, NULL, 2, 0, NULL),
(10, 20, NULL, NULL, NULL, 2, 0, NULL),
(11, 21, 22, NULL, NULL, 2, 0, NULL),
(12, 23, 24, NULL, NULL, 2, 1, 23),
(13, 25, 26, NULL, NULL, 2, 1, 26),
(14, 27, 28, NULL, NULL, 2, 1, 28),
(15, 29, 30, NULL, NULL, 2, 1, 29),
(16, 31, 32, NULL, NULL, 2, 1, 31),
(17, 33, 34, NULL, NULL, 2, 1, 33),
(18, 35, 36, NULL, NULL, 2, 1, 35),
(19, 37, 38, NULL, NULL, 2, 1, 38),
(20, 39, NULL, NULL, NULL, 2, 0, NULL),
(21, 40, 41, NULL, NULL, 2, 1, 40),
(22, 43, 42, NULL, NULL, 2, 1, 42),
(23, 44, 45, NULL, NULL, 2, 1, 44),
(24, 46, NULL, NULL, NULL, 2, 0, NULL),
(25, 47, 48, NULL, NULL, 2, 1, 48),
(26, 49, 50, NULL, NULL, 2, 1, 49),
(27, 52, 51, NULL, NULL, 2, 1, 51),
(28, 53, 54, NULL, NULL, 2, 1, 54),
(29, 55, 56, NULL, NULL, 2, 1, 55),
(30, 57, 60, NULL, NULL, 2, 0, NULL),
(31, 62, 61, NULL, NULL, 2, 1, 62),
(32, 64, 63, NULL, NULL, 2, 1, 63),
(33, 65, 67, NULL, NULL, 2, 1, 65),
(34, 66, NULL, NULL, NULL, 2, 0, NULL),
(35, 68, 69, NULL, NULL, 2, 1, 68),
(36, 70, 72, NULL, NULL, 2, 1, 72),
(37, 71, NULL, NULL, NULL, 2, 0, NULL),
(38, 73, 74, NULL, NULL, 2, 1, 74),
(39, 75, 76, NULL, NULL, 2, 1, 75),
(40, 77, 79, NULL, NULL, 2, 1, 77),
(41, 80, 81, NULL, NULL, 2, 1, 80),
(42, 83, 82, NULL, NULL, 2, 1, 82),
(43, 84, 85, NULL, NULL, 2, 1, 85),
(44, 86, 87, NULL, NULL, 2, 1, 86),
(45, 88, NULL, NULL, NULL, 2, 1, 88),
(46, 89, NULL, NULL, NULL, 2, 0, NULL),
(47, 90, 91, NULL, NULL, 2, 1, 91),
(48, 92, 93, NULL, NULL, 2, 0, NULL),
(49, 94, 95, NULL, NULL, 2, 0, NULL),
(50, 96, NULL, NULL, NULL, 2, 0, NULL),
(51, 99, 100, NULL, NULL, 2, 1, 99),
(52, 101, NULL, NULL, NULL, 2, 0, NULL),
(53, 0, 102, NULL, NULL, 2, 1, 0),
(54, 105, 103, NULL, NULL, 2, 0, NULL),
(55, 106, 108, NULL, NULL, 2, 1, 106),
(56, 109, 110, NULL, NULL, 2, 1, 109),
(57, 111, 112, NULL, NULL, 2, 0, NULL),
(58, 114, 115, NULL, NULL, 2, 1, 115),
(59, 116, 117, NULL, NULL, 2, 1, 117),
(60, 118, 120, NULL, NULL, 2, 1, 120),
(61, 121, 122, NULL, NULL, 2, 1, 121),
(62, 123, 124, NULL, NULL, 2, 1, 124),
(63, 125, 126, NULL, NULL, 2, 1, 125),
(64, 127, 128, NULL, NULL, 2, 0, NULL),
(65, 129, 130, NULL, NULL, 2, 1, 130),
(66, 132, 131, NULL, NULL, 2, 1, 131),
(67, 133, 134, NULL, NULL, 2, 1, 134),
(68, 135, NULL, NULL, NULL, 2, 0, NULL);

-- --------------------------------------------------------

--
-- Table structure for table `in_game`
--

CREATE TABLE `in_game` (
  `in_game_id` int(20) NOT NULL,
  `game_id` int(20) DEFAULT NULL,
  `finish` int(1) DEFAULT '0',
  `element_1` int(1) DEFAULT NULL,
  `element_2` int(1) DEFAULT NULL,
  `element_3` int(1) DEFAULT NULL,
  `element_4` int(1) DEFAULT NULL,
  `element_5` int(1) DEFAULT NULL,
  `element_6` int(1) DEFAULT NULL,
  `element_7` int(1) DEFAULT NULL,
  `element_8` int(1) DEFAULT NULL,
  `element_9` int(1) DEFAULT NULL,
  `element_10` int(1) DEFAULT NULL,
  `element_11` int(1) DEFAULT NULL,
  `element_12` int(1) DEFAULT NULL,
  `element_13` int(1) DEFAULT NULL,
  `element_14` int(1) DEFAULT NULL,
  `element_15` int(1) DEFAULT NULL,
  `element_16` int(1) DEFAULT NULL,
  `element_17` int(1) DEFAULT NULL,
  `element_18` int(1) DEFAULT NULL,
  `element_19` int(1) DEFAULT NULL,
  `element_20` int(1) DEFAULT NULL,
  `element_21` int(1) DEFAULT NULL,
  `element_22` int(1) DEFAULT NULL,
  `element_23` int(1) DEFAULT NULL,
  `element_24` int(1) DEFAULT NULL,
  `element_25` int(1) DEFAULT NULL
) ENGINE=InnoDB DEFAULT CHARSET=utf8;

--
-- Dumping data for table `in_game`
--

INSERT INTO `in_game` (`in_game_id`, `game_id`, `finish`, `element_1`, `element_2`, `element_3`, `element_4`, `element_5`, `element_6`, `element_7`, `element_8`, `element_9`, `element_10`, `element_11`, `element_12`, `element_13`, `element_14`, `element_15`, `element_16`, `element_17`, `element_18`, `element_19`, `element_20`, `element_21`, `element_22`, `element_23`, `element_24`, `element_25`) VALUES
(1, 1, 0, 15, NULL, NULL, NULL, 22, NULL, NULL, NULL, NULL, NULL, NULL, 17, NULL, NULL, NULL, NULL, NULL, NULL, NULL, 1, NULL, NULL, NULL, NULL, NULL),
(2, 2, 0, 15, 1, 25, 8, 2, 19, 10, 6, NULL, NULL, NULL, NULL, NULL, NULL, NULL, NULL, NULL, NULL, NULL, NULL, NULL, NULL, NULL, NULL, NULL),
(3, 3, 0, 25, 19, 23, 16, 11, 24, 10, 13, 22, 4, 5, 14, 9, 20, 18, 17, 21, 15, 3, 2, 7, NULL, NULL, NULL, NULL),
(4, 5, 0, 10, 14, 15, 13, 1, 7, NULL, NULL, NULL, NULL, NULL, NULL, NULL, NULL, NULL, NULL, NULL, NULL, NULL, NULL, NULL, NULL, NULL, NULL, NULL),
(5, 6, 0, 11, 1, 12, 3, 16, 20, 4, 22, 13, 10, 15, 23, 6, 17, 18, 9, 2, 14, 8, NULL, NULL, NULL, NULL, NULL, NULL),
(6, 7, 0, 4, 3, 14, 1, 22, 16, 19, 9, 13, 8, 15, 10, 7, 12, 24, 6, 18, 20, 17, 2, 11, 21, 23, 25, 5),
(7, 8, 0, 8, 20, 19, 1, 15, 22, 3, 17, 13, 16, 7, 10, 23, 24, 25, 6, 9, 21, 4, 11, 18, 14, 5, 12, 2),
(8, 9, 0, 14, 6, 8, 7, 1, 12, 24, 17, 9, 5, 18, 22, 23, 2, 19, 20, 11, 16, 4, 21, 10, 25, 3, 15, 13),
(9, 10, 0, 25, 2, 6, 23, 7, 19, 16, 10, 14, 4, 13, 1, 21, 3, 5, 18, 17, 9, NULL, NULL, NULL, NULL, NULL, NULL, NULL),
(10, 11, 0, 1, 9, 10, 21, 22, 15, 8, 25, 7, 16, 6, 12, 18, 4, 23, 11, 3, 13, 17, 20, 24, 2, 14, 5, 19),
(11, 12, 0, 21, 11, 20, 18, 19, 4, 3, 10, 15, 14, 7, 22, 24, 23, 17, 8, 6, 12, 2, 9, 5, 16, NULL, NULL, NULL),
(12, 13, 0, 4, 17, 7, 2, 20, 8, 19, 25, 3, 12, 23, 9, 6, 21, 18, 16, 13, 5, 10, NULL, NULL, NULL, NULL, NULL, NULL),
(13, 14, 0, 19, 1, 2, 22, 6, 14, 9, 23, 15, 7, 25, 24, 21, 18, 10, 3, 5, 13, NULL, NULL, NULL, NULL, NULL, NULL, NULL),
(14, 15, 0, 1, 11, 13, 8, 15, 20, 22, 17, 18, 19, 6, 4, 21, 14, 5, 7, 9, 16, 2, NULL, NULL, NULL, NULL, NULL, NULL),
(15, 16, 0, 18, 1, 3, 4, 17, 12, 15, 24, 5, 6, 2, 9, 16, 14, 23, 10, 22, NULL, NULL, NULL, NULL, NULL, NULL, NULL, NULL),
(16, 17, 0, 1, 14, 2, 8, 23, 18, 17, 10, 6, 19, 13, 24, 5, 16, 22, 9, 20, 15, 3, NULL, NULL, NULL, NULL, NULL, NULL),
(17, 18, 0, 10, 1, 16, 17, 20, 12, 11, 3, 6, 24, 14, 5, 7, 9, 21, 15, 23, 13, 18, NULL, NULL, NULL, NULL, NULL, NULL),
(18, 19, 0, 1, 2, 8, 12, 4, 7, 19, 13, 16, 5, 15, 17, 11, 25, 9, 14, 3, 24, NULL, NULL, NULL, NULL, NULL, NULL, NULL),
(19, 21, 0, 13, 21, 8, 1, 4, 14, 16, 11, 20, 24, 19, 25, 12, 5, 7, 9, 22, NULL, NULL, NULL, NULL, NULL, NULL, NULL, NULL),
(20, 22, 0, 1, 2, 18, 14, 17, 8, 15, 20, 11, 4, 6, 5, 13, 21, 22, 19, 10, 16, NULL, NULL, NULL, NULL, NULL, NULL, NULL),
(21, 25, 0, 1, 19, 2, 11, 15, 18, 8, 12, 16, 9, 13, 24, 6, 21, 17, 3, 10, 25, 14, 4, NULL, NULL, NULL, NULL, NULL),
(22, 26, 0, 18, 1, 8, 13, 4, 19, 20, 11, 16, 3, 7, 24, 2, 9, 10, 15, 17, 14, 23, 22, NULL, NULL, NULL, NULL, NULL),
(23, 27, 0, 2, 1, 13, 22, 19, 8, 17, 4, 14, 10, 9, 5, 25, 21, 24, 18, 7, 23, NULL, NULL, NULL, NULL, NULL, NULL, NULL),
(24, 28, 0, 17, 7, 20, 9, 15, 25, 3, 14, 11, 21, 4, 6, 24, 19, 13, 18, 8, 22, NULL, NULL, NULL, NULL, NULL, NULL, NULL),
(25, 29, 0, 11, 1, 20, 4, 5, 7, 6, 14, 15, 12, 25, 18, 8, 13, 23, 16, 21, NULL, NULL, NULL, NULL, NULL, NULL, NULL, NULL),
(26, 30, 0, 25, 1, 11, 13, 10, 24, 17, 18, 20, 5, 7, 19, NULL, NULL, NULL, NULL, NULL, NULL, NULL, NULL, NULL, NULL, NULL, NULL, NULL),
(27, 31, 0, 17, 1, 19, 14, 4, 5, 7, 8, 2, 6, 22, 13, 25, 16, 24, 20, 21, 12, NULL, NULL, NULL, NULL, NULL, NULL, NULL),
(28, 32, 0, 1, 14, 17, 7, 24, 15, 19, 22, 6, 5, 3, 11, 21, 8, 23, 18, 16, 20, NULL, NULL, NULL, NULL, NULL, NULL, NULL),
(29, 33, 0, 16, 1, 14, 15, 21, 22, 3, 23, 11, 19, 9, 2, 8, 24, 12, 20, 18, 13, NULL, NULL, NULL, NULL, NULL, NULL, NULL),
(30, 35, 0, 22, 1, 25, 10, 14, 15, 16, 23, 13, 3, 20, 19, 2, 21, 9, 4, 5, 24, 8, NULL, NULL, NULL, NULL, NULL, NULL),
(31, 36, 0, 1, 17, 21, 18, 4, 11, 5, 3, 25, 15, 20, 19, 10, 7, 14, 23, 22, 9, NULL, NULL, NULL, NULL, NULL, NULL, NULL),
(32, 38, 0, 17, 1, 19, 2, 4, 24, 7, 22, 14, 5, 8, 10, 25, 3, 13, 20, 12, 23, NULL, NULL, NULL, NULL, NULL, NULL, NULL),
(33, 39, 0, 7, 1, 3, 5, 4, 23, 9, 18, 6, 14, 21, 11, 19, 2, 17, 15, 8, NULL, NULL, NULL, NULL, NULL, NULL, NULL, NULL),
(34, 40, 0, 24, 1, 4, 25, 3, 23, 18, 11, 8, 16, 22, 20, 12, 2, 19, 14, 15, 7, NULL, NULL, NULL, NULL, NULL, NULL, NULL),
(35, 41, 0, 2, 1, 10, 3, 9, 8, 19, 7, 21, 24, 23, 4, 6, 20, 17, 11, 25, 16, 22, NULL, NULL, NULL, NULL, NULL, NULL),
(36, 42, 0, 1, 20, 9, 12, 24, 11, 21, 14, 10, 6, 13, 22, 2, 23, 7, 25, 19, 18, NULL, NULL, NULL, NULL, NULL, NULL, NULL),
(37, 43, 0, 12, 1, 3, 8, 16, 19, 22, 2, 5, 14, 15, 10, 6, 13, 4, 18, 11, 20, NULL, NULL, NULL, NULL, NULL, NULL, NULL),
(38, 44, 0, 9, 1, 24, 12, 13, 4, 20, 14, 25, 15, 3, 18, 8, 23, 11, 2, 21, 22, 19, NULL, NULL, NULL, NULL, NULL, NULL),
(39, 47, 0, 1, 4, 22, 15, 7, 14, 21, 3, 6, 19, 5, 23, 25, 2, 10, 11, 12, 20, 18, NULL, NULL, NULL, NULL, NULL, NULL),
(40, 48, 0, 1, 10, 13, 17, 3, 25, 12, 20, 22, 11, 23, 14, 7, 5, 8, 24, 16, 9, 6, NULL, NULL, NULL, NULL, NULL, NULL),
(41, 49, 0, 1, 24, 17, 2, NULL, NULL, NULL, NULL, NULL, NULL, NULL, NULL, NULL, NULL, NULL, NULL, NULL, NULL, NULL, NULL, NULL, NULL, NULL, NULL, NULL),
(42, 51, 0, 1, 11, 8, 25, 14, 18, 19, 23, 22, 9, 10, 15, 2, 24, 7, 16, 4, 21, 17, NULL, NULL, NULL, NULL, NULL, NULL),
(43, 52, 0, 1, NULL, NULL, NULL, NULL, NULL, NULL, NULL, NULL, NULL, NULL, NULL, NULL, NULL, NULL, NULL, NULL, NULL, NULL, NULL, NULL, NULL, NULL, NULL, NULL),
(44, 53, 0, 1, 2, 13, 20, 7, 18, 10, 8, 17, 23, 6, 14, 21, 22, 16, 25, 5, 4, 11, 24, NULL, NULL, NULL, NULL, NULL),
(45, 54, 0, 7, 1, 4, 5, 14, 11, 12, 10, 15, NULL, NULL, NULL, NULL, NULL, NULL, NULL, NULL, NULL, NULL, NULL, NULL, NULL, NULL, NULL, NULL),
(46, 55, 0, 1, 19, 16, 24, 12, 20, 9, 22, 14, 23, 11, 10, 17, 3, 7, 6, 5, 2, 4, NULL, NULL, NULL, NULL, NULL, NULL),
(47, 56, 0, 6, 9, 25, 19, 21, 24, 3, 8, 16, 20, 13, 10, 14, 17, 2, 1, 4, 22, 23, 15, 12, NULL, NULL, NULL, NULL),
(48, 57, 0, 8, 9, 12, 16, 14, 19, 7, 2, 3, 21, 24, 18, 13, 15, 4, 20, 17, 11, 1, NULL, NULL, NULL, NULL, NULL, NULL),
(49, 58, 0, 1, 2, 3, 16, 17, 7, 18, 9, 4, 5, 10, 25, 11, 13, 12, 14, 20, 8, 22, NULL, NULL, NULL, NULL, NULL, NULL),
(50, 59, 0, 1, 6, 19, 2, 13, 11, 15, 18, 3, 20, 5, 17, 4, 10, 12, 16, 7, 8, 21, 22, NULL, NULL, NULL, NULL, NULL),
(51, 60, 0, 1, 16, 2, 25, 3, 13, 17, 6, 21, 5, 9, 11, 15, 8, 14, 19, 18, 23, 4, 7, NULL, NULL, NULL, NULL, NULL),
(52, 61, 0, 1, 14, 15, 8, 13, 21, 2, 9, 16, 23, 12, 7, 22, 3, 11, 18, 17, 25, 24, NULL, NULL, NULL, NULL, NULL, NULL),
(53, 62, 0, 1, 20, 2, 4, 6, 7, 16, 25, 21, 5, 13, 10, 19, 18, 11, 12, 3, 23, NULL, NULL, NULL, NULL, NULL, NULL, NULL),
(54, 63, 0, 1, 13, 2, 3, 16, 21, 15, 19, 14, 12, 17, 24, 23, 6, 9, 10, 25, 4, 18, 5, NULL, NULL, NULL, NULL, NULL),
(55, 64, 0, 1, 3, 2, 15, NULL, NULL, NULL, NULL, NULL, NULL, NULL, NULL, NULL, NULL, NULL, NULL, NULL, NULL, NULL, NULL, NULL, NULL, NULL, NULL, NULL),
(56, 65, 0, 22, 1, 5, 16, 15, 7, 14, 12, 23, 3, 13, 6, 17, 10, 18, 24, 11, 21, 9, 4, NULL, NULL, NULL, NULL, NULL),
(57, 66, 0, 17, 1, 7, 18, 8, 3, 21, 15, 23, 4, 6, 20, 22, 24, 10, 14, 9, NULL, NULL, NULL, NULL, NULL, NULL, NULL, NULL),
(58, 67, 0, 1, 15, 23, 18, 6, 5, 20, 3, 14, 7, 17, 9, 4, 16, 21, 10, 12, 25, 2, 13, 22, NULL, NULL, NULL, NULL);

-- --------------------------------------------------------

--
-- Table structure for table `start_game`
--

CREATE TABLE `start_game` (
  `start_game_id` int(20) NOT NULL,
  `game_id` int(20) DEFAULT NULL,
  `user_id` int(20) DEFAULT NULL,
  `done` int(1) DEFAULT '0',
  `element_1` int(1) DEFAULT NULL,
  `element_2` int(1) DEFAULT NULL,
  `element_3` int(1) DEFAULT NULL,
  `element_4` int(1) DEFAULT NULL,
  `element_5` int(1) DEFAULT NULL,
  `element_6` int(1) DEFAULT NULL,
  `element_7` int(1) DEFAULT NULL,
  `element_8` int(1) DEFAULT NULL,
  `element_9` int(1) DEFAULT NULL,
  `element_10` int(1) DEFAULT NULL,
  `element_11` int(1) DEFAULT NULL,
  `element_12` int(1) DEFAULT NULL,
  `element_13` int(1) DEFAULT NULL,
  `element_14` int(1) DEFAULT NULL,
  `element_15` int(1) DEFAULT NULL,
  `element_16` int(1) DEFAULT NULL,
  `element_17` int(1) DEFAULT NULL,
  `element_18` int(1) DEFAULT NULL,
  `element_19` int(1) DEFAULT NULL,
  `element_20` int(1) DEFAULT NULL,
  `element_21` int(1) DEFAULT NULL,
  `element_22` int(1) DEFAULT NULL,
  `element_23` int(1) DEFAULT NULL,
  `element_24` int(1) DEFAULT NULL,
  `element_25` int(1) DEFAULT NULL
) ENGINE=InnoDB DEFAULT CHARSET=utf8;

--
-- Dumping data for table `start_game`
--

INSERT INTO `start_game` (`start_game_id`, `game_id`, `user_id`, `done`, `element_1`, `element_2`, `element_3`, `element_4`, `element_5`, `element_6`, `element_7`, `element_8`, `element_9`, `element_10`, `element_11`, `element_12`, `element_13`, `element_14`, `element_15`, `element_16`, `element_17`, `element_18`, `element_19`, `element_20`, `element_21`, `element_22`, `element_23`, `element_24`, `element_25`) VALUES
(1, 1, 1, 1, 1, 8, 12, 15, 25, 2, 3, 4, 9, 13, 16, 24, 17, 20, 18, 10, 5, 11, 6, 23, 7, 22, 21, 19, 14),
(2, 1, 2, 1, 15, 20, 12, 21, 22, 9, 3, 19, 11, 25, 8, 17, 16, 7, 23, 18, 10, 24, 6, 1, 4, 13, 14, 5, 2),
(3, 2, 3, 1, 15, 1, 2, 19, 14, 20, 16, 21, 7, 11, 8, 4, 22, 24, 5, 13, 25, 3, 23, 18, 6, 12, 10, 17, 9),
(4, 2, 4, 1, 10, 23, 15, 11, 3, 9, 19, 14, 6, 13, 7, 20, 1, 4, 12, 25, 18, 2, 5, 8, 24, 22, 16, 17, 21),
(5, 3, 6, 1, 19, 11, 15, 10, 2, 17, 4, 18, 20, 5, 8, 24, 13, 22, 7, 9, 1, 25, 14, 3, 6, 12, 21, 23, 16),
(6, 3, 5, 1, 8, 6, 12, 15, 19, 24, 1, 7, 14, 23, 3, 2, 18, 16, 11, 20, 9, 13, 4, 25, 22, 21, 17, 5, 10),
(7, 5, 11, 1, 24, 11, 1, 6, 3, 5, 22, 21, 10, 13, 4, 19, 17, 15, 16, 8, 9, 2, 7, 25, 14, 12, 20, 18, 23),
(8, 5, 12, 1, 4, 15, 2, 1, 21, 23, 7, 3, 22, 19, 17, 5, 13, 11, 16, 10, 14, 18, 20, 12, 25, 24, 8, 9, 6),
(9, 6, 14, 1, 15, 18, 19, 7, 8, 25, 10, 24, 5, 1, 22, 13, 11, 12, 16, 17, 6, 20, 4, 2, 9, 23, 21, 14, 3),
(10, 6, 15, 1, 1, 24, 6, 7, 14, 23, 3, 12, 2, 18, 16, 11, 20, 9, 15, 13, 4, 25, 22, 21, 17, 8, 19, 5, 10),
(11, 7, 16, 1, 8, 15, 10, 7, 12, 6, 13, 24, 9, 19, 14, 1, 18, 22, 16, 25, 17, 20, 2, 11, 23, 21, 3, 4, 5),
(12, 8, 17, 1, 8, 20, 19, 1, 15, 22, 23, 12, 18, 2, 3, 5, 10, 14, 4, 17, 9, 21, 7, 11, 13, 24, 25, 6, 16),
(13, 8, 18, 1, 14, 11, 6, 9, 1, 7, 16, 5, 24, 4, 15, 20, 25, 17, 22, 3, 10, 21, 19, 13, 8, 23, 12, 2, 18),
(14, 9, 19, 1, 8, 16, 11, 4, 14, 12, 7, 20, 6, 5, 24, 21, 1, 10, 18, 17, 25, 2, 3, 22, 9, 15, 19, 13, 23),
(15, 10, 20, 1, 21, 22, 12, 24, 14, 1, 3, 11, 10, 20, 13, 15, 4, 9, 8, 2, 16, 18, 5, 17, 25, 6, 23, 19, 7),
(16, 11, 21, 1, 9, 15, 24, 12, 19, 22, 18, 5, 20, 2, 1, 10, 23, 13, 17, 8, 16, 14, 4, 25, 7, 6, 21, 11, 3),
(17, 11, 22, 1, 6, 8, 2, 20, 23, 11, 4, 22, 10, 14, 13, 25, 21, 16, 24, 18, 1, 5, 12, 19, 7, 3, 17, 15, 9),
(18, 12, 23, 1, 1, 12, 25, 9, 8, 16, 18, 4, 15, 11, 13, 22, 5, 19, 3, 6, 2, 14, 20, 17, 23, 10, 24, 21, 7),
(19, 12, 24, 1, 6, 13, 5, 14, 3, 25, 8, 1, 10, 20, 16, 9, 24, 11, 21, 12, 17, 19, 7, 18, 23, 2, 15, 22, 4),
(20, 13, 25, 1, 10, 25, 4, 24, 2, 22, 20, 7, 13, 1, 9, 6, 19, 14, 16, 18, 3, 23, 11, 8, 21, 17, 12, 15, 5),
(21, 13, 26, 1, 19, 21, 13, 14, 23, 17, 2, 22, 5, 15, 8, 7, 16, 11, 1, 25, 9, 24, 6, 4, 12, 3, 20, 10, 18),
(22, 14, 28, 1, 1, 23, 14, 19, 7, 11, 25, 2, 13, 20, 12, 15, 3, 8, 16, 4, 10, 5, 17, 21, 24, 9, 18, 22, 6),
(23, 14, 27, 1, 2, 11, 20, 18, 10, 8, 9, 4, 21, 3, 17, 23, 19, 1, 24, 12, 25, 14, 6, 5, 15, 13, 7, 16, 22),
(24, 15, 29, 1, 3, 19, 25, 12, 9, 18, 22, 11, 15, 1, 2, 21, 4, 13, 14, 8, 20, 23, 10, 7, 5, 6, 17, 24, 16),
(25, 15, 30, 1, 14, 21, 18, 10, 8, 25, 7, 9, 19, 12, 23, 6, 11, 3, 2, 4, 20, 22, 17, 1, 13, 15, 16, 5, 24),
(26, 16, 31, 1, 15, 12, 19, 21, 25, 1, 5, 8, 13, 20, 4, 9, 18, 24, 22, 17, 6, 11, 23, 7, 3, 2, 14, 10, 16),
(27, 16, 32, 1, 7, 22, 9, 21, 1, 10, 14, 2, 4, 16, 23, 13, 12, 20, 8, 19, 18, 5, 11, 25, 24, 6, 3, 17, 15),
(28, 17, 33, 1, 14, 7, 9, 12, 8, 3, 17, 15, 6, 10, 24, 20, 1, 19, 5, 16, 18, 25, 23, 22, 13, 4, 11, 21, 2),
(29, 17, 34, 1, 18, 25, 5, 3, 9, 23, 2, 12, 15, 22, 16, 4, 14, 7, 11, 24, 19, 1, 8, 6, 10, 21, 13, 20, 17),
(30, 18, 35, 1, 11, 19, 22, 13, 16, 7, 4, 2, 3, 18, 5, 23, 10, 24, 17, 12, 14, 25, 8, 15, 6, 9, 21, 1, 20),
(31, 18, 36, 1, 18, 10, 23, 22, 16, 21, 24, 5, 14, 11, 12, 17, 3, 25, 15, 8, 6, 20, 2, 9, 13, 1, 19, 4, 7),
(32, 19, 37, 1, 5, 21, 25, 23, 19, 2, 3, 20, 9, 15, 12, 17, 1, 11, 7, 4, 14, 6, 22, 13, 8, 10, 24, 18, 16),
(33, 19, 38, 1, 16, 10, 22, 14, 4, 23, 1, 18, 7, 21, 25, 15, 12, 17, 19, 20, 8, 11, 2, 6, 13, 24, 3, 9, 5),
(34, 20, 39, 1, 3, 19, 5, 7, 10, 13, 15, 9, 16, 1, 17, 24, 4, 6, 11, 21, 22, 14, 2, 20, 23, 25, 8, 18, 12),
(35, 21, 40, 1, 5, 22, 3, 24, 8, 10, 7, 17, 11, 6, 18, 25, 13, 14, 23, 2, 4, 15, 12, 9, 21, 20, 19, 1, 16),
(36, 21, 41, 1, 21, 7, 4, 5, 25, 18, 24, 12, 20, 3, 23, 17, 13, 19, 1, 16, 2, 15, 11, 10, 6, 8, 22, 9, 14),
(37, 22, 43, 1, 15, 23, 19, 16, 18, 8, 22, 21, 13, 25, 11, 9, 1, 3, 14, 20, 6, 5, 12, 7, 17, 2, 10, 24, 4),
(38, 22, 42, 1, 8, 15, 12, 24, 9, 18, 20, 25, 7, 17, 19, 22, 1, 23, 3, 6, 13, 16, 4, 10, 5, 21, 11, 2, 14),
(39, 23, 44, 1, 13, 14, 23, 7, 25, 8, 9, 22, 12, 6, 24, 18, 15, 16, 10, 19, 3, 11, 21, 5, 4, 2, 1, 20, 17),
(40, 23, 45, 1, 5, 13, 12, 9, 19, 16, 20, 2, 18, 15, 4, 11, 23, 3, 7, 24, 1, 17, 10, 14, 25, 22, 21, 6, 8),
(41, 24, 46, 1, 2, 3, 12, 4, 10, 17, 22, 16, 23, 18, 13, 7, 1, 9, 15, 19, 11, 20, 25, 8, 6, 5, 21, 24, 14),
(42, 25, 47, 1, 21, 13, 15, 19, 5, 14, 9, 24, 3, 22, 12, 16, 1, 8, 18, 25, 2, 20, 11, 23, 4, 6, 7, 10, 17),
(43, 25, 48, 1, 22, 10, 14, 13, 2, 7, 23, 20, 11, 17, 5, 6, 19, 1, 25, 16, 18, 24, 8, 21, 12, 4, 15, 9, 3),
(44, 26, 50, 1, 9, 16, 4, 24, 2, 1, 8, 11, 20, 3, 25, 23, 5, 18, 15, 12, 21, 6, 19, 7, 22, 17, 10, 13, 14),
(45, 26, 49, 1, 2, 25, 21, 6, 1, 23, 10, 14, 8, 12, 13, 16, 18, 11, 7, 24, 20, 5, 3, 22, 4, 19, 9, 15, 17),
(46, 27, 52, 1, 9, 22, 12, 4, 13, 6, 7, 23, 14, 11, 1, 18, 2, 3, 15, 21, 17, 20, 10, 16, 19, 24, 8, 5, 25),
(47, 27, 51, 1, 14, 24, 25, 18, 19, 6, 7, 17, 5, 20, 22, 2, 1, 8, 4, 3, 10, 9, 11, 16, 13, 23, 21, 12, 15),
(48, 28, 53, 1, 18, 12, 24, 21, 20, 23, 8, 6, 15, 19, 2, 5, 17, 7, 16, 10, 11, 14, 4, 22, 3, 1, 25, 9, 13),
(49, 28, 54, 1, 17, 7, 9, 25, 14, 12, 13, 20, 1, 19, 4, 22, 24, 3, 6, 16, 10, 11, 8, 15, 2, 5, 18, 23, 21),
(50, 29, 55, 1, 15, 8, 23, 7, 5, 1, 25, 14, 6, 21, 19, 12, 11, 9, 24, 3, 4, 13, 17, 2, 20, 16, 18, 10, 22),
(51, 29, 56, 1, 13, 25, 14, 9, 23, 3, 18, 7, 19, 10, 22, 4, 1, 17, 6, 8, 16, 5, 12, 2, 24, 15, 20, 21, 11),
(52, 30, 57, 1, 11, 23, 9, 12, 13, 24, 5, 1, 17, 7, 15, 3, 25, 4, 16, 19, 20, 18, 8, 21, 10, 6, 2, 22, 14),
(53, 30, 60, 1, 1, 11, 13, 24, 18, 10, 7, 5, 23, 16, 21, 2, 19, 8, 3, 9, 14, 17, 6, 4, 22, 15, 25, 12, 20),
(54, 31, 62, 1, 8, 16, 3, 15, 19, 24, 22, 25, 4, 5, 23, 6, 17, 11, 9, 10, 1, 18, 14, 20, 7, 21, 13, 12, 2),
(55, 31, 61, 1, 22, 20, 25, 16, 8, 11, 10, 18, 12, 17, 2, 7, 6, 13, 1, 15, 23, 19, 24, 14, 3, 4, 9, 21, 5),
(56, 32, 64, 1, 8, 20, 19, 21, 10, 2, 11, 14, 7, 16, 12, 13, 1, 6, 22, 25, 4, 17, 15, 5, 18, 9, 24, 3, 23),
(57, 32, 63, 1, 17, 23, 25, 9, 22, 3, 11, 19, 5, 21, 10, 13, 14, 12, 20, 2, 15, 4, 6, 16, 7, 18, 8, 24, 1),
(58, 33, 65, 1, 3, 4, 5, 20, 14, 11, 8, 24, 22, 12, 9, 6, 16, 10, 13, 15, 1, 7, 18, 23, 21, 25, 19, 17, 2),
(59, 33, 67, 1, 24, 2, 19, 14, 16, 21, 12, 6, 15, 7, 3, 5, 1, 18, 25, 8, 22, 9, 11, 4, 23, 10, 17, 13, 20),
(60, 35, 68, 1, 20, 19, 18, 11, 25, 3, 9, 8, 13, 4, 10, 23, 22, 6, 7, 2, 16, 1, 5, 12, 14, 15, 24, 17, 21),
(61, 35, 68, 1, 16, 14, 11, 21, 13, 24, 23, 15, 2, 25, 6, 20, 17, 22, 7, 1, 9, 18, 10, 5, 8, 3, 19, 12, 4),
(62, 35, 69, 1, 13, 3, 15, 21, 19, 20, 5, 14, 16, 4, 9, 8, 10, 12, 25, 18, 2, 1, 17, 22, 6, 11, 23, 7, 24),
(63, 36, 70, 1, 20, 14, 16, 15, 12, 9, 3, 6, 13, 23, 5, 4, 1, 21, 17, 8, 19, 7, 25, 22, 2, 10, 11, 24, 18),
(64, 36, 72, 1, 7, 16, 21, 2, 17, 12, 20, 19, 3, 9, 10, 8, 18, 24, 22, 15, 5, 1, 25, 4, 11, 13, 23, 6, 14),
(65, 38, 73, 1, 25, 22, 11, 23, 4, 1, 15, 24, 14, 20, 10, 9, 17, 18, 21, 13, 7, 12, 8, 3, 19, 6, 2, 16, 5),
(66, 38, 73, 1, 25, 16, 23, 18, 15, 5, 9, 1, 17, 20, 21, 7, 4, 3, 19, 14, 24, 12, 6, 2, 10, 22, 11, 13, 8),
(67, 38, 74, 1, 5, 8, 21, 23, 6, 22, 25, 9, 13, 11, 24, 10, 1, 14, 4, 19, 3, 16, 20, 18, 2, 7, 15, 17, 12),
(68, 39, 75, 1, 9, 5, 14, 21, 3, 10, 18, 22, 19, 12, 2, 11, 7, 15, 8, 25, 6, 20, 1, 24, 4, 17, 13, 16, 23),
(69, 39, 76, 1, 16, 17, 13, 15, 11, 6, 10, 12, 9, 19, 24, 8, 23, 21, 20, 22, 2, 1, 4, 25, 14, 3, 18, 5, 7),
(70, 40, 77, 1, 22, 15, 2, 11, 4, 25, 23, 17, 18, 7, 12, 16, 24, 19, 1, 20, 8, 9, 13, 21, 3, 14, 5, 10, 6),
(71, 40, 79, 1, 2, 9, 3, 15, 1, 6, 12, 14, 22, 24, 17, 5, 11, 10, 25, 13, 21, 19, 8, 23, 18, 16, 20, 4, 7),
(72, 41, 80, 1, 23, 17, 8, 25, 10, 20, 4, 18, 19, 14, 15, 24, 2, 13, 11, 12, 6, 5, 22, 16, 9, 7, 21, 1, 3),
(73, 41, 80, 1, 21, 2, 16, 7, 5, 8, 3, 24, 15, 13, 17, 9, 1, 12, 18, 11, 14, 20, 4, 19, 23, 6, 25, 22, 10),
(74, 41, 80, 1, 25, 21, 15, 6, 23, 22, 5, 14, 9, 24, 20, 3, 8, 12, 19, 2, 11, 13, 4, 10, 17, 7, 16, 1, 18),
(75, 41, 81, 1, 8, 15, 17, 13, 25, 16, 3, 11, 6, 23, 9, 14, 1, 19, 5, 12, 18, 2, 7, 22, 4, 21, 20, 10, 24),
(76, 42, 82, 1, 23, 19, 9, 21, 12, 7, 18, 22, 6, 13, 25, 2, 20, 4, 8, 24, 14, 10, 15, 16, 11, 17, 1, 5, 3),
(77, 42, 83, 1, 22, 2, 8, 3, 12, 19, 10, 14, 6, 23, 21, 24, 1, 9, 20, 15, 11, 5, 18, 16, 7, 13, 4, 17, 25),
(78, 43, 84, 1, 15, 10, 6, 14, 3, 7, 2, 4, 16, 13, 21, 9, 12, 23, 20, 17, 5, 19, 11, 18, 22, 24, 1, 25, 8),
(79, 43, 84, 1, 13, 15, 3, 17, 21, 22, 19, 7, 16, 8, 18, 14, 23, 5, 24, 9, 25, 2, 1, 10, 12, 20, 6, 11, 4),
(80, 43, 85, 1, 11, 13, 24, 18, 10, 7, 5, 23, 16, 21, 2, 19, 1, 8, 3, 9, 14, 17, 6, 4, 22, 15, 25, 12, 20),
(81, 43, 84, 1, 9, 22, 17, 3, 24, 10, 23, 8, 4, 19, 25, 14, 7, 2, 21, 16, 20, 15, 13, 6, 1, 18, 5, 11, 12),
(82, 43, 84, 1, 6, 13, 5, 1, 25, 12, 19, 21, 16, 17, 8, 15, 7, 11, 9, 2, 22, 24, 4, 14, 20, 18, 10, 3, 23),
(83, 43, 84, 1, 16, 20, 7, 25, 10, 18, 17, 21, 6, 11, 12, 24, 2, 8, 15, 3, 23, 5, 13, 4, 9, 14, 19, 1, 22),
(84, 44, 86, 1, 18, 2, 16, 4, 24, 17, 12, 7, 20, 5, 10, 6, 9, 15, 22, 14, 3, 23, 8, 21, 25, 1, 19, 11, 13),
(85, 44, 87, 1, 19, 2, 10, 9, 23, 5, 3, 7, 18, 11, 14, 12, 1, 4, 24, 21, 25, 16, 17, 22, 15, 13, 20, 6, 8),
(86, 45, 88, 1, 13, 18, 5, 10, 19, 16, 1, 3, 8, 7, 2, 24, 6, 4, 9, 20, 11, 15, 17, 12, 14, 22, 25, 21, 23),
(87, 46, 89, 1, 11, 22, 14, 17, 24, 18, 19, 6, 20, 12, 16, 13, 1, 15, 10, 9, 8, 23, 21, 2, 4, 25, 3, 5, 7),
(88, 47, 90, 1, 2, 20, 8, 17, 5, 13, 11, 24, 10, 15, 6, 21, 1, 22, 7, 18, 25, 23, 12, 19, 4, 16, 9, 14, 3),
(89, 47, 91, 1, 11, 1, 13, 8, 15, 2, 5, 22, 7, 19, 25, 18, 4, 16, 6, 20, 14, 9, 10, 23, 3, 12, 24, 17, 21),
(90, 48, 92, 1, 25, 14, 18, 2, 22, 10, 16, 9, 6, 12, 7, 23, 13, 11, 3, 19, 8, 21, 24, 1, 4, 20, 5, 15, 17),
(91, 48, 93, 1, 11, 23, 9, 12, 13, 24, 5, 1, 17, 7, 15, 3, 25, 4, 16, 19, 20, 18, 8, 21, 10, 6, 2, 22, 14),
(92, 48, 93, 1, 25, 23, 12, 20, 2, 7, 5, 4, 21, 16, 10, 6, 3, 15, 18, 22, 19, 1, 8, 13, 9, 24, 17, 11, 14),
(93, 49, 94, 1, 20, 16, 4, 9, 2, 25, 6, 18, 5, 8, 3, 1, 17, 7, 21, 13, 15, 14, 22, 12, 24, 23, 19, 10, 11),
(94, 49, 95, 1, 6, 13, 15, 14, 2, 9, 17, 22, 19, 8, 16, 25, 24, 10, 12, 1, 5, 23, 4, 7, 11, 20, 21, 18, 3),
(95, 50, 96, 1, 2, 16, 25, 22, 5, 6, 23, 21, 18, 12, 14, 24, 1, 10, 8, 15, 17, 11, 7, 9, 4, 19, 13, 20, 3),
(96, 51, 99, 1, 11, 1, 8, 14, 19, 16, 15, 24, 2, 12, 20, 25, 10, 21, 13, 6, 22, 17, 3, 5, 23, 7, 9, 4, 18),
(97, 51, 100, 1, 18, 14, 7, 21, 11, 8, 15, 2, 16, 12, 23, 10, 1, 4, 17, 19, 24, 5, 22, 13, 25, 6, 20, 3, 9),
(98, 52, 101, 1, 23, 4, 11, 18, 21, 15, 8, 1, 3, 2, 6, 7, 20, 10, 24, 13, 14, 16, 5, 25, 12, 22, 9, 19, 17),
(99, 53, 0, 1, 18, 20, 14, 23, 5, 7, 13, 1, 6, 21, 25, 10, 12, 11, 24, 16, 2, 15, 8, 9, 22, 17, 3, 4, 19),
(100, 53, 102, 1, 1, 20, 18, 10, 8, 9, 2, 21, 17, 11, 3, 23, 19, 24, 12, 4, 14, 6, 25, 5, 15, 13, 7, 16, 22),
(101, 54, 105, 1, 7, 21, 1, 9, 10, 22, 14, 2, 4, 16, 23, 13, 12, 20, 8, 19, 18, 5, 11, 25, 24, 6, 3, 17, 15),
(102, 54, 103, 1, 11, 21, 5, 16, 7, 15, 2, 20, 3, 8, 17, 12, 1, 14, 6, 23, 24, 9, 4, 25, 19, 18, 22, 13, 10),
(103, 55, 106, 1, 4, 20, 2, 23, 1, 22, 21, 13, 15, 19, 14, 9, 24, 12, 16, 5, 8, 18, 25, 11, 6, 7, 10, 3, 17),
(104, 55, 108, 1, 19, 14, 12, 9, 25, 17, 24, 20, 1, 4, 13, 2, 22, 6, 21, 5, 7, 16, 23, 18, 8, 15, 11, 3, 10),
(105, 56, 109, 1, 15, 11, 8, 19, 7, 18, 12, 24, 23, 5, 22, 17, 3, 2, 4, 1, 14, 9, 10, 20, 16, 21, 25, 13, 6),
(106, 56, 110, 1, 8, 16, 17, 11, 1, 21, 23, 2, 5, 4, 19, 7, 15, 13, 22, 6, 9, 25, 24, 20, 10, 3, 18, 12, 14),
(107, 57, 111, 1, 14, 7, 9, 12, 8, 3, 17, 15, 6, 10, 24, 20, 1, 19, 5, 16, 18, 25, 23, 22, 13, 4, 11, 21, 2),
(108, 57, 112, 1, 22, 10, 14, 13, 2, 7, 23, 20, 11, 17, 5, 6, 19, 1, 25, 16, 18, 24, 8, 21, 12, 4, 15, 9, 3),
(109, 58, 115, 1, 5, 22, 18, 6, 13, 23, 25, 14, 10, 15, 21, 17, 1, 19, 24, 3, 16, 9, 2, 7, 11, 20, 12, 8, 4),
(110, 58, 114, 1, 5, 4, 3, 2, 1, 24, 6, 20, 15, 16, 23, 21, 7, 19, 17, 22, 14, 25, 8, 18, 13, 12, 11, 10, 9),
(111, 59, 116, 1, 5, 11, 18, 7, 23, 22, 4, 20, 12, 25, 15, 13, 1, 19, 6, 24, 14, 9, 2, 17, 16, 21, 8, 10, 3),
(112, 59, 117, 1, 1, 14, 24, 25, 18, 19, 6, 7, 17, 5, 20, 22, 2, 8, 4, 3, 10, 9, 11, 16, 13, 23, 21, 12, 15),
(113, 59, 119, 1, 19, 2, 1, 7, 11, 23, 17, 24, 10, 18, 22, 6, 21, 14, 4, 25, 3, 8, 9, 5, 12, 20, 13, 15, 16),
(114, 60, 118, 1, 5, 4, 3, 2, 1, 6, 19, 18, 17, 16, 7, 20, 25, 24, 15, 8, 21, 22, 23, 14, 9, 10, 11, 12, 13),
(115, 60, 120, 1, 18, 24, 12, 2, 5, 17, 22, 20, 15, 21, 10, 4, 25, 8, 11, 7, 9, 3, 16, 19, 14, 23, 13, 6, 1),
(116, 61, 122, 1, 5, 17, 11, 4, 12, 16, 20, 19, 6, 3, 22, 24, 8, 10, 7, 18, 25, 13, 14, 23, 2, 15, 9, 21, 1),
(117, 61, 121, 1, 5, 4, 3, 2, 1, 6, 19, 18, 17, 16, 7, 20, 25, 24, 15, 8, 21, 22, 23, 14, 9, 10, 11, 12, 13),
(118, 62, 124, 1, 14, 8, 22, 13, 4, 19, 9, 24, 2, 21, 23, 3, 1, 11, 16, 6, 20, 10, 18, 5, 7, 15, 17, 12, 25),
(119, 62, 123, 1, 5, 4, 3, 2, 1, 10, 9, 8, 7, 6, 15, 14, 13, 12, 11, 20, 19, 18, 17, 16, 25, 24, 23, 22, 21),
(120, 63, 126, 1, 17, 7, 19, 8, 12, 11, 18, 21, 15, 22, 20, 25, 1, 16, 14, 9, 24, 2, 13, 5, 6, 10, 3, 4, 23),
(121, 63, 125, 1, 5, 4, 3, 2, 1, 6, 19, 18, 17, 16, 7, 20, 25, 24, 15, 8, 21, 22, 23, 14, 9, 10, 11, 12, 13),
(122, 64, 127, 1, 5, 4, 3, 2, 1, 6, 19, 18, 17, 16, 7, 20, 25, 22, 15, 8, 21, 23, 24, 14, 9, 10, 11, 12, 13),
(123, 64, 128, 1, 21, 22, 4, 2, 14, 25, 20, 8, 17, 9, 7, 16, 18, 6, 15, 13, 10, 19, 12, 1, 5, 11, 24, 23, 3),
(124, 65, 129, 1, 5, 22, 3, 19, 20, 1, 9, 7, 21, 24, 15, 25, 13, 8, 6, 16, 2, 23, 12, 4, 14, 18, 17, 10, 11),
(125, 65, 130, 1, 6, 18, 19, 11, 13, 22, 23, 8, 24, 9, 12, 15, 1, 7, 5, 21, 14, 20, 16, 4, 10, 17, 25, 2, 3),
(126, 66, 132, 1, 6, 11, 16, 19, 13, 8, 18, 1, 22, 10, 15, 25, 5, 20, 24, 23, 12, 2, 14, 9, 3, 21, 7, 17, 4),
(127, 66, 131, 1, 10, 25, 11, 13, 4, 8, 22, 9, 24, 21, 15, 17, 1, 18, 3, 14, 7, 5, 2, 23, 6, 16, 19, 12, 20),
(128, 67, 133, 1, 10, 16, 19, 24, 7, 12, 13, 25, 22, 15, 14, 23, 1, 6, 20, 2, 8, 5, 11, 17, 9, 21, 3, 18, 4),
(129, 67, 134, 1, 21, 18, 17, 12, 23, 25, 6, 19, 2, 11, 13, 1, 22, 8, 24, 9, 15, 7, 14, 20, 16, 5, 10, 4, 3),
(130, 68, 135, 1, 16, 15, 24, 12, 4, 14, 6, 13, 22, 3, 19, 1, 20, 11, 18, 9, 8, 10, 25, 5, 21, 23, 7, 17, 2);

-- --------------------------------------------------------

--
-- Table structure for table `user`
--

CREATE TABLE `user` (
  `user_id` int(20) NOT NULL,
  `username` varchar(255) DEFAULT NULL
) ENGINE=InnoDB DEFAULT CHARSET=utf8;

--
-- Dumping data for table `user`
--

INSERT INTO `user` (`user_id`, `username`) VALUES
(1, 'mi5a'),
(2, 'mina'),
(3, 'mi5a'),
(4, 'koko'),
(5, 'Mi5a'),
(6, 'koko'),
(7, 'mi5a'),
(8, 'koko'),
(9, 'ads'),
(10, 'adasd'),
(11, 'mi5a'),
(12, 'das'),
(13, 'mina'),
(14, 'mi5a'),
(15, 'koko'),
(16, 'mi5a'),
(17, 'Bingo'),
(18, 'das'),
(19, 'ads'),
(20, 'joe'),
(21, 'mi5a'),
(22, 'joe'),
(23, 'mi5a'),
(24, 'test'),
(25, 'bb'),
(26, 'bvb'),
(27, 'koko'),
(28, 'mi5a'),
(29, 'mi5a'),
(30, 'koko'),
(31, 'koko'),
(32, 'mi5a'),
(33, 'mi5a'),
(34, 'koko'),
(35, 'koko'),
(36, 'mi5a'),
(37, 'koko'),
(38, 'mi5a'),
(39, 'mi4a'),
(40, 'koko'),
(41, 'mi5a'),
(42, 'mi5a'),
(43, 'koko'),
(44, 'mi5a'),
(45, 'koko'),
(46, 'mi5a'),
(47, 'mi5a'),
(48, 'koko'),
(49, 'koko'),
(50, 'mi5a'),
(51, 'mi5a'),
(52, 'koko'),
(53, 'kok'),
(54, 'mi5a'),
(55, 'koko'),
(56, 'mi5a'),
(57, 'koko'),
(58, 'mi5a'),
(59, 'mi5a'),
(60, 'mi5a'),
(61, 'mi5a'),
(62, 'koko'),
(63, 'koko'),
(64, 'mi5a'),
(65, 'koko'),
(66, 'mi5a'),
(67, 'mi5a'),
(68, 'koko'),
(69, 'mi5a'),
(70, 'mi5a'),
(71, 'koko'),
(72, 'koko'),
(73, 'koko'),
(74, 'mi5a'),
(75, 'koko'),
(76, 'a7a'),
(77, 'koko'),
(78, 'a7a'),
(79, 'a7a'),
(80, 'koko'),
(81, 'a7a'),
(82, 'koko'),
(83, 'a7a'),
(84, 'koko'),
(85, 'a7a'),
(86, 'koko'),
(87, '55555'),
(88, 'a'),
(89, 'mi5a'),
(90, 'mi5a'),
(91, 'koko'),
(92, 'mi5a'),
(93, 'koko'),
(94, 'king: mi5a'),
(95, 'koko'),
(96, 'mi5a'),
(97, 'kok'),
(98, 'koko'),
(99, 'mi5a'),
(100, 'koko'),
(101, 'mi5a'),
(102, 'maged'),
(103, 'mi5a'),
(104, 'koko'),
(105, 'koko'),
(106, 'Hamed'),
(107, 'Michael'),
(108, 'Miky'),
(109, 'hamed'),
(110, 'Michey'),
(111, 'Hamed'),
(112, 'Michey'),
(113, 'hamed'),
(114, 'Mickey'),
(115, 'Mi5a'),
(116, 'Mi5a'),
(117, 'Mickey'),
(118, 'Mickey'),
(119, 'Mi5a'),
(120, 'Mi5a'),
(121, 'Mickey'),
(122, 'Mi5a'),
(123, 'Mickey'),
(124, 'Mu5@'),
(125, 'Mickey'),
(126, 'Mi5@'),
(127, 'Mickey'),
(128, 'Mi5@'),
(129, 'Hamed'),
(130, 'MI5A'),
(131, 'MI5A'),
(132, 'Hamed'),
(133, 'MI5A'),
(134, 'Hamed'),
(135, 'Hamed');

--
-- Indexes for dumped tables
--

--
-- Indexes for table `game`
--
ALTER TABLE `game`
  ADD PRIMARY KEY (`game_id`);

--
-- Indexes for table `in_game`
--
ALTER TABLE `in_game`
  ADD PRIMARY KEY (`in_game_id`);

--
-- Indexes for table `start_game`
--
ALTER TABLE `start_game`
  ADD PRIMARY KEY (`start_game_id`);

--
-- Indexes for table `user`
--
ALTER TABLE `user`
  ADD PRIMARY KEY (`user_id`);

--
-- AUTO_INCREMENT for dumped tables
--

--
-- AUTO_INCREMENT for table `game`
--
ALTER TABLE `game`
  MODIFY `game_id` int(20) NOT NULL AUTO_INCREMENT, AUTO_INCREMENT=69;
--
-- AUTO_INCREMENT for table `in_game`
--
ALTER TABLE `in_game`
  MODIFY `in_game_id` int(20) NOT NULL AUTO_INCREMENT, AUTO_INCREMENT=59;
--
-- AUTO_INCREMENT for table `start_game`
--
ALTER TABLE `start_game`
  MODIFY `start_game_id` int(20) NOT NULL AUTO_INCREMENT, AUTO_INCREMENT=131;
--
-- AUTO_INCREMENT for table `user`
--
ALTER TABLE `user`
  MODIFY `user_id` int(20) NOT NULL AUTO_INCREMENT, AUTO_INCREMENT=136;
/*!40101 SET CHARACTER_SET_CLIENT=@OLD_CHARACTER_SET_CLIENT */;
/*!40101 SET CHARACTER_SET_RESULTS=@OLD_CHARACTER_SET_RESULTS */;
/*!40101 SET COLLATION_CONNECTION=@OLD_COLLATION_CONNECTION */;
